FeH,Age,Age_err,Method,Figs,Range,HBtype,R_G,M_V,v_e0,log_sigma_0,Cluster_ID,RA,DEC,L,B,R_Sun,R_gc,X,Y,Z,v_r,v_r_e,v_LSR,sig_v,sig_v_e,c,r_c,r_h,mu_V,rho_0,lg_tc,lg_th,Mstar,rh,C5,Age_Krause,FeH_Krause
-0.76,11.75,0.25,V,14,11.50–11.75,-0.99,7.4,-9.42,54.8,5.061,NGC104,00:24:05.67,-72:04:52.6,305.89,-44.89,4.5,7.4,1.9,-2.6,-3.1,-18.0,0.1,-26.7,11.0,0.3,2.07,0.36,3.17,14.38,4.88,7.84,9.55,6.46,7.1,0.92,12.8,-0.76
-1.32,11.5,0.38,H,24,,0.98,12.0,-6.75,10.9,2.953,NGC288,00:52:45.24,-26:34:57.4,152.3,-89.38,8.9,12.0,-0.1,0.0,-8.9,-45.4,0.2,-51.9,2.9,0.3,0.99,1.35,2.23,20.05,1.78,8.99,9.32,0.46,9.8,0.05,12.2,-1.32
-1.3,10.75,0.25,V,13,10.75–11.00,-0.87,9.4,-8.43,44.4,4.938,NGC362,01:03:14.26,-70:50:55.6,301.53,-46.25,8.6,9.4,3.1,-5.1,-6.2,223.5,0.5,214.0,6.4,0.3,1.76,0.18,0.82,14.8,4.74,7.76,8.93,2.5,3.5,0.72,10.0,-1.26
-1.27,10.75,0.25,V,13,10.75–11.25,-0.71,18.1,-7.8,23.6,3.913,NGC1261,03:12:16.21,-55:12:58.4,270.54,-52.12,16.3,18.1,0.1,-10.0,-12.9,68.2,4.6,54.9,,,1.16,0.35,0.68,17.73,2.99,8.59,9.12,3.41,5.5,0.62,10.24,-1.08
-1.18,11.0,0.25,V,13,10.75–11.25,-0.32,16.6,-8.33,47.6,5.136,NGC1851,05:14:06.76,-40:02:47.6,244.51,-35.03,12.1,16.6,-4.2,-8.9,-6.9,320.5,0.6,303.8,10.4,0.5,1.86,0.09,0.51,14.25,5.09,7.43,8.82,5.51,3.05,1.81,7.64,-1.13
-1.18,11.0,0.38,V,13,11.00–11.25,-0.49,11.1,-9.39,62.4,5.07,NGC2808,09:12:03.10,-64:51:48.6,282.19,-11.25,9.6,11.1,2.0,-9.2,-1.9,101.6,0.7,89.2,13.4,1.2,1.56,0.25,0.8,15.08,4.66,8.24,9.15,12.3,3.8,3.24,11.2,-1.18
-1.51,11.5,0.38,A,12-30,11.25–11.75,0.08,8.8,-7.45,17.9,3.599,NGC3201,10:17:36.82,-46:24:44.9,277.23,8.64,4.9,8.8,0.6,-4.8,0.7,494.0,0.2,482.9,5.0,0.2,1.29,1.3,3.1,19.0,2.71,8.61,9.27,1.1,7.5,0.15,11.1,-1.51
-1.78,12.25,0.25,V,11,12.25–12.50,0.66,21.4,-6.17,14.2,3.886,NGC4147,12:10:06.30,+18:32:33.5,252.85,77.19,19.3,21.4,-1.3,-4.1,18.8,183.2,0.7,186.1,2.6,0.7,1.83,0.09,0.48,17.38,3.63,7.41,8.74,,,,,
-2.27,12.0,0.25,V,11,12.00,0.17,10.2,-7.37,16.9,3.559,NGC4590,12:39:27.98,-26:44:38.6,299.63,36.05,10.3,10.2,4.1,-7.2,6.0,-94.7,0.2,-96.8,2.5,0.4,1.41,0.58,1.51,18.81,2.57,8.45,9.27,1.07,7.7,0.14,12.7,-2.27
-1.89,12.5,0.5,A,30,,0.93,7.0,-8.17,25.0,3.885,NGC4833,12:59:33.92,-70:52:35.4,303.6,-8.02,6.6,7.0,3.6,-5.4,-0.9,200.2,1.2,192.9,,,1.25,1.0,2.41,18.48,3.0,8.78,9.42,4.1,7.9,0.52,12.5,-1.71
-2.06,12.25,0.25,V,12,12.25–12.50,0.81,18.4,-8.71,25.8,3.866,NGC5024,13:12:55.25,+18:10:05.4,332.96,79.76,17.9,18.4,2.8,-1.4,17.6,-62.9,0.3,-56.2,4.4,0.9,1.72,0.35,1.31,17.38,3.07,8.73,9.76,8.26,11.6,0.71,12.7,-1.86
-2.3,12.25,0.38,A,12,12.25–12.50,0.52,17.8,-6.76,7.2,2.196,NGC5053,13:16:27.09,+17:42:00.9,335.7,78.95,17.4,17.8,3.0,-1.4,17.1,44.0,0.4,50.9,1.4,0.2,0.74,2.08,2.61,22.03,0.54,9.81,9.87,1.25,22.5,0.056,12.3,-1.98
-1.5,11.75,0.25,V,22,,0.08,12.0,-8.88,32.1,4.254,NGC5272,13:42:11.62,+28:22:38.2,42.22,78.71,10.2,12.0,1.5,1.3,10.0,-147.6,0.2,-138.3,5.5,0.3,1.89,0.37,2.31,16.64,3.57,8.31,9.79,4.68,11.7,0.4,11.4,-1.34
-1.7,12.5,0.38,A,12-30,11.75–12.25,0.8,8.9,-8.74,42.7,4.628,NGC5286,13:46:26.81,-51:22:27.3,311.61,10.57,11.7,8.9,7.6,-8.6,2.1,57.4,1.5,54.3,8.1,1.0,1.41,0.28,0.73,16.22,4.1,8.4,9.11,7.13,4.2,1.69,12.5,-1.41
-2.31,12.5,0.25,V,11-30,12.25–12.50,0.58,16.3,-6.98,8.6,2.453,NGC5466,14:05:27.29,+28:32:04.0,42.15,73.59,16.0,16.3,3.3,3.0,15.3,110.7,0.2,121.2,1.7,0.2,1.04,1.43,2.3,21.61,0.84,9.35,9.76,1.79,18.2,0.098,13.6,-2.2
-1.33,11.5,0.25,V,8,11.50–11.75,0.31,6.2,-8.81,37.0,4.457,NGC5904,15:18:33.22,+02:04:51.7,3.86,46.8,7.5,6.2,5.1,0.3,5.5,53.2,0.4,64.3,5.5,0.4,1.73,0.44,1.77,16.09,3.88,8.28,9.41,3.89,6.6,0.59,11.5,-1.33
-0.29,10.75,0.38,V,16,10.50–10.75,-1.0,4.6,-7.81,25.4,4.156,NGC5927,15:28:00.69,-50:40:22.9,326.6,4.86,7.7,4.6,6.4,-4.2,0.7,-107.5,0.9,-107.2,,,1.6,0.42,1.1,16.91,4.09,8.39,8.94,3.38,4.2,0.81,12.7,-0.64
-1.63,12.25,0.75,A,30,,0.97,4.8,-8.44,33.1,4.259,NGC5986,15:46:03.00,-37:47:11.1,337.02,13.27,10.4,4.8,9.3,-4.0,2.4,88.9,3.7,92.9,,,1.23,0.47,0.98,17.67,3.41,8.58,9.18,5.99,5.04,1.19,12.2,-1.35
-1.98,12.25,0.5,H,30,,0.84,11.2,-6.94,11.8,2.98,NGC6101,16:25:48.12,-72:12:07.9,317.74,-15.82,15.4,11.2,11.0,-10.0,-4.2,361.4,1.7,357.0,,,0.8,0.97,1.05,20.29,1.65,9.21,9.22,1.0,8.0,0.13,12.5,-1.76
-1.18,11.5,0.38,V,13,11.25–11.50,-0.06,5.9,-7.19,20.8,4.07,NGC6121,16:23:35.22,-26:31:32.7,350.97,15.97,2.2,5.9,2.1,-0.3,0.6,70.7,0.2,78.6,4.0,0.2,1.65,1.16,4.33,17.95,3.64,7.9,8.93,1.17,4.7,0.25,13.1,-1.98
-1.82,12.75,0.5,H,30,,1.0,2.7,-6.85,10.4,2.975,NGC6144,16:27:13.86,-26:01:24.6,351.93,15.7,8.9,2.7,8.5,-1.2,2.4,193.8,0.6,201.9,,,1.55,0.94,1.63,20.05,2.31,8.78,9.14,1.69,7.17,0.24,13.8,-1.56
-1.03,12.0,0.75,V,13,,-0.73,3.3,-7.12,18.2,3.832,NGC6171,16:32:31.86,-13:03:13.6,3.37,23.01,6.4,3.3,5.9,0.3,2.5,-34.1,0.3,-23.0,4.1,0.3,1.53,0.56,1.73,18.94,3.08,8.06,9.0,1.17,5.5,0.21,13.4,-1.03
-1.58,12.0,0.38,A,20-22,,0.97,8.4,-8.56,31.7,4.219,NGC6205,16:41:41.24,+36:27:35.5,59.01,40.91,7.1,8.4,2.8,4.6,4.7,-244.2,0.2,-228.0,7.1,0.4,1.53,0.62,1.69,16.59,3.55,8.51,9.3,7.75,5.93,1.31,11.7,-1.33
-1.33,13.0,0.5,A,24-26,,0.98,4.5,-7.31,21.2,3.961,NGC6218,16:47:14.18,-01:56:54.7,15.72,26.31,4.8,4.5,4.2,1.2,2.1,-41.4,0.2,-27.9,4.5,0.4,1.34,0.79,1.77,18.1,3.23,8.19,8.87,0.74,4.2,0.18,13.4,-1.43
-1.57,11.75,0.38,H,30,,0.98,4.6,-7.48,23.9,4.112,NGC6254,16:57:09.05,-04:06:01.1,15.14,23.08,4.4,4.6,3.9,1.1,1.7,75.2,0.7,88.5,6.6,0.8,1.38,0.77,1.95,17.7,3.54,8.21,8.9,1.53,4.2,0.36,12.4,-1.57
-0.37,11.25,0.38,V,16,11.00–11.25,-1.0,2.3,-7.3,28.8,4.656,NGC6304,17:14:32.25,-29:27:43.3,355.83,5.38,5.9,2.3,5.8,-0.4,0.6,-107.3,3.6,-99.3,,,1.8,0.21,1.42,17.2,4.49,7.36,8.85,2.17,4.14,0.52,13.6,-0.66
-2.35,12.75,0.25,V,11,12.75–13.25,0.91,9.6,-8.21,35.8,4.618,NGC6341,17:17:07.39,+43:08:09.4,68.34,34.86,8.3,9.6,2.5,6.3,4.7,-120.0,0.1,-103.5,6.0,0.4,1.68,0.26,1.02,15.47,4.3,7.96,9.02,4.89,4.19,1.17,13.2,-2.1
-0.62,10.75,0.38,V,16,10.50–11.00,-1.0,3.3,-6.47,14.6,3.592,NGC6352,17:25:29.11,-48:25:19.8,341.42,-7.17,5.6,3.3,5.3,-1.8,-0.7,-137.0,1.1,-134.1,,,1.1,0.83,2.05,18.17,3.17,8.46,8.92,0.37,5.68,0.065,12.7,-0.7
-1.07,12.5,0.25,V,13,12.25–12.75,-0.58,5.1,-6.95,13.5,3.261,NGC6362,17:31:54.99,-67:02:54.0,325.55,-17.57,7.6,5.1,6.0,-4.1,-2.3,-13.1,0.6,-15.6,2.8,0.4,1.09,1.13,2.05,19.31,2.29,8.8,9.2,0.81,7.7,0.11,13.6,-0.99
-0.59,11.0,0.5,V,16,11.00,-0.97,5.0,-5.74,9.8,3.135,NGC6366,17:27:44.24,-05:04:47.5,18.41,16.04,3.5,5.0,3.2,1.1,1.0,-122.2,0.5,-108.6,1.3,0.5,0.74,2.17,2.92,21.25,2.39,8.74,8.73,0.3,5.05,0.058,13.3,-0.73
-1.99,13.0,0.25,A,30,13.00,0.98,6.0,-6.64,35.9,5.759,NGC6397,17:40:42.09,-53:40:27.6,338.17,-11.96,2.3,6.0,2.1,-0.8,-0.5,18.8,0.1,20.3,4.5,0.2,2.5,0.05,2.9,15.47,5.76,4.94,8.6,1.1,3.3,0.33,13.4,-1.99
-0.46,10.75,0.38,V,16,10.50–10.75,-1.0,4.2,-7.2,16.7,3.459,NGC6496,17:59:03.68,-44:15:57.4,348.03,-10.01,11.3,4.2,10.9,-2.3,-2.0,-112.7,5.7,-108.4,,,0.7,0.95,1.02,20.17,1.99,8.94,9.04,2.0,5.7,0.35,12.4,-0.7
-1.79,12.75,0.5,V,32,,1.0,3.9,-4.75,8.2,3.327,NGC6535,18:03:50.51,-00:17:51.5,27.18,10.44,6.8,3.9,6.0,3.1,1.2,-215.1,0.5,-200.4,2.4,0.5,1.33,0.36,0.85,21.26,2.34,7.28,8.2,0.2,2.86,0.07,10.5,-1.51
-1.82,12.5,0.5,H,30,,1.0,2.1,-8.52,46.3,5.019,NGC6541,18:08:02.36,-43:42:53.6,349.29,-11.19,7.5,2.1,7.3,-1.4,-1.5,-158.7,2.3,-154.2,8.2,2.1,1.86,0.18,1.06,15.44,4.65,7.55,9.03,5.72,3.93,1.45,12.9,-1.53
-1.5,11.75,0.25,A,12-30,,-0.15,7.0,-7.69,24.7,4.112,NGC6584,18:18:37.60,-52:12:56.8,342.14,-16.41,13.5,7.0,12.3,-4.0,-3.8,222.9,15.0,224.9,,,1.47,0.26,0.73,17.63,3.33,8.13,9.02,3.03,4.87,0.62,11.3,-1.3
-0.42,11.25,0.5,V,16,11.00–11.25,-1.0,1.2,-7.49,26.2,4.869,NGC6624,18:23:40.51,-30:21:39.7,2.79,-7.91,7.9,1.2,7.8,0.4,-1.1,53.9,0.6,62.1,5.4,0.5,2.5,0.06,0.82,15.32,5.3,6.61,8.71,2.57,3.2,0.8,12.5,-0.7
-0.59,11.0,0.38,V,16,11.00–11.25,-1.0,1.7,-7.64,27.7,4.308,NGC6637,18:31:23.10,-32:20:53.1,1.72,-10.27,8.8,1.7,8.6,0.3,-1.6,39.9,2.8,47.5,,,1.38,0.33,0.84,16.82,3.84,8.15,8.82,2.0,3.66,0.55,13.1,-0.78
-0.76,11.25,0.25,V,16,11.00–11.25,-1.0,2.7,-6.66,23.9,4.583,NGC6652,18:35:45.63,-32:59:26.6,1.53,-11.38,10.0,2.7,9.8,0.3,-2.0,-111.7,5.8,-104.3,,,1.8,0.1,0.48,16.1,4.48,7.05,8.39,1.09,2.37,0.46,12.0,-0.97
-1.7,12.5,0.5,H,30,,0.91,4.9,-8.5,33.9,4.311,NGC6656,18:36:23.94,-23:54:17.1,9.89,-7.55,3.2,4.9,3.2,0.6,-0.4,-146.3,0.2,-136.6,7.8,0.3,1.38,1.33,3.36,17.42,3.63,8.53,9.23,6.44,5.32,1.21,12.7,-1.49
-1.62,12.75,0.38,A,30-32,,0.96,2.2,-7.12,29.3,5.21,NGC6681,18:43:12.76,-32:17:31.6,2.85,-12.51,9.0,2.2,8.8,0.4,-2.0,220.3,0.9,227.8,5.2,0.5,2.5,0.03,0.71,14.25,5.82,5.82,8.65,1.79,3.16,0.57,12.8,-1.35
-1.44,11.75,0.5,V,32,,0.54,18.9,-9.98,59.7,4.968,NGC6715,18:55:03.33,-30:28:47.5,5.61,-14.09,26.5,18.9,25.6,2.5,-6.5,141.3,0.3,149.2,10.5,0.3,2.04,0.09,0.82,14.78,4.69,8.24,9.93,12.9,10.7,1.2,10.8,-1.25
-1.26,12.5,0.5,V,13,,0.98,2.4,-5.66,16.3,4.458,NGC6717,18:55:06.04,-22:42:05.3,12.88,-10.9,7.1,2.4,6.8,1.6,-1.3,22.8,3.4,32.7,,,2.07,0.08,0.68,16.77,4.58,6.52,8.22,0.48,2.39,0.2,13.2,-1.09
-1.1,12.5,0.25,V,13,12.25–12.75,-0.08,2.6,-7.83,21.9,3.755,NGC6723,18:59:33.15,-36:37:56.1,0.07,-17.3,8.7,2.6,8.3,0.0,-2.6,-94.5,3.6,-88.3,,,1.11,0.83,1.53,18.13,2.79,8.79,9.24,3.57,6.58,0.54,13.1,-0.96
-1.55,12.5,0.25,A,30,,1.0,5.2,-7.73,24.5,4.655,NGC6752,19:10:52.11,-59:59:04.4,336.49,-25.63,4.0,5.2,3.3,-1.4,-1.7,-26.7,0.2,-27.3,4.9,0.4,2.5,0.17,1.91,14.88,5.04,6.88,8.87,2.82,3.8,0.75,13.8,-1.55
-2.0,12.75,0.5,H,30,,0.98,9.2,-7.41,20.8,3.905,NGC6779,19:16:35.57,+30:11:00.5,62.66,8.34,9.4,9.2,4.3,8.3,1.4,-135.6,0.9,-119.1,4.0,0.6,1.38,0.44,1.1,18.08,3.28,8.33,9.01,2.3,5.11,0.45,13.7,-2.0
-1.93,13.0,0.25,A,12-30,12.75–13.25,0.87,3.9,-7.57,18.3,3.515,NGC6809,19:39:59.71,-30:57:53.1,8.79,-23.27,5.4,3.9,4.9,0.8,-2.1,174.7,0.3,181.8,4.0,0.3,0.93,1.8,2.83,19.36,2.22,8.9,9.29,0.55,7.6,0.07,13.8,-1.93
-0.82,11.0,0.38,V,16,11.00,-1.0,6.7,-5.61,13.0,3.746,NGC6838,19:53:46.49,+18:46:45.1,56.75,-4.56,4.0,6.7,2.2,3.4,-0.3,-22.8,0.2,-7.5,2.3,0.2,1.15,0.63,1.67,19.75,2.83,7.54,8.43,0.2,3.3,0.06,12.7,-0.82
-1.56,11.75,0.25,V,12-30,11.50–12.00,0.25,12.8,-7.45,21.6,3.998,NGC6934,20:34:11.37,+07:24:16.1,52.1,-18.89,15.6,12.8,9.1,11.7,-5.1,-411.4,1.6,-398.5,5.1,1.1,1.53,0.22,0.69,17.35,3.44,8.2,9.04,2.95,5.32,0.55,11.1,-1.32
-1.48,11.5,0.25,V,12-30,11.25–11.75,0.14,12.9,-7.04,13.9,3.304,NGC6981,20:53:27.70,-12:32:14.3,35.16,-32.68,17.0,12.9,11.7,8.3,-9.2,-345.0,3.7,-336.2,,,1.21,0.46,0.93,19.02,2.38,8.72,9.23,1.68,7.82,0.21,10.9,-1.21
-2.33,12.75,0.25,V,11,12.50–12.75,0.67,10.4,-9.19,41.6,4.827,NGC7078,21:29:58.33,+12:10:01.2,65.01,-27.31,10.4,10.4,3.9,8.3,-4.8,-107.0,0.2,-96.0,13.5,0.9,2.29,0.14,1.0,14.21,5.05,7.84,9.32,5.13,5.1,1.0,13.6,-2.33
-1.66,11.75,0.25,A,12-30,11.50–11.75,0.92,10.4,-9.03,41.8,4.531,NGC7089,21:33:27.02,-00:49:23.7,53.37,-35.77,11.5,10.4,5.6,7.5,-6.7,-5.3,2.0,3.8,8.2,0.6,1.59,0.32,1.06,15.78,4.0,8.48,9.4,5.75,6.03,0.95,11.8,-1.31
-2.33,13.0,0.25,A,11-30,12.75–13.00,0.89,7.1,-7.45,25.4,4.831,NGC7099,21:40:22.12,-23:10:47.5,27.18,-46.84,8.1,7.1,4.9,2.5,-5.9,-184.2,0.2,-179.6,5.5,0.4,2.5,0.06,1.03,15.35,5.01,6.37,8.88,1.45,4.1,0.35,14.6,-2.33
-1.74,12.0,0.38,V,32,,0.53,21.4,-5.29,3.5,1.545,Arp2,19:28:44.11,-30:21:20.3,8.55,-20.79,28.6,21.4,26.4,4.0,-10.2,115.0,10.0,122.4,,,0.88,1.19,1.77,24.26,-0.25,9.39,9.7,,,,,
-0.81,9.0,0.38,V,32,,-1.0,15.8,-4.47,4.3,3.297,Pal12,21:46:38.84,-21:15:09.4,30.51,-47.68,19.0,15.8,11.0,6.5,-14.1,27.8,1.5,32.5,,,2.98,0.02,1.72,19.21,3.64,5.22,9.28,0.28,16.0,0.024,8.6,-0.81
-2.34,13.0,0.38,V,32,,1.0,19.4,-5.07,4.3,1.938,Terzan8,19:41:44.41,-33:59:58.1,5.76,-24.56,26.3,19.4,23.8,2.4,-10.9,130.0,8.0,136.2,,,0.6,1.0,0.95,22.82,0.53,9.46,9.21,,,,,
